PRAGMA foreign_keys=OFF;
BEGIN TRANSACTION;
CREATE TABLE IF NOT EXISTS "django_migrations" ("id" integer NOT NULL PRIMARY KEY AUTOINCREMENT, "app" varchar(255) NOT NULL, "name" varchar(255) NOT NULL, "applied" datetime NOT NULL);
INSERT INTO django_migrations VALUES(1,'contenttypes','0001_initial','2019-07-02 03:37:46.988722');
INSERT INTO django_migrations VALUES(2,'contenttypes','0002_remove_content_type_name','2019-07-02 03:37:47.126749');
INSERT INTO django_migrations VALUES(3,'auth','0001_initial','2019-07-02 03:37:47.259478');
INSERT INTO django_migrations VALUES(4,'auth','0002_alter_permission_name_max_length','2019-07-02 03:37:47.426098');
INSERT INTO django_migrations VALUES(5,'auth','0003_alter_user_email_max_length','2019-07-02 03:37:47.564808');
INSERT INTO django_migrations VALUES(6,'auth','0004_alter_user_username_opts','2019-07-02 03:37:47.678632');
INSERT INTO django_migrations VALUES(7,'auth','0005_alter_user_last_login_null','2019-07-02 03:37:47.804337');
INSERT INTO django_migrations VALUES(8,'auth','0006_require_contenttypes_0002','2019-07-02 03:37:47.926855');
INSERT INTO django_migrations VALUES(9,'auth','0007_alter_validators_add_error_messages','2019-07-02 03:37:48.055865');
INSERT INTO django_migrations VALUES(10,'auth','0008_alter_user_username_max_length','2019-07-02 03:37:48.180625');
INSERT INTO django_migrations VALUES(11,'auth','0009_alter_user_last_name_max_length','2019-07-02 03:37:48.291624');
INSERT INTO django_migrations VALUES(12,'auth','0010_alter_group_name_max_length','2019-07-02 03:37:48.446829');
INSERT INTO django_migrations VALUES(13,'auth','0011_update_proxy_permissions','2019-07-02 03:37:48.582590');
INSERT INTO django_migrations VALUES(14,'simodib_v1','0001_initial','2019-07-02 03:37:48.884605');
INSERT INTO django_migrations VALUES(15,'admin','0001_initial','2019-07-02 08:43:05.156546');
INSERT INTO django_migrations VALUES(16,'admin','0002_logentry_remove_auto_add','2019-07-02 08:43:05.684539');
INSERT INTO django_migrations VALUES(17,'admin','0003_logentry_add_action_flag_choices','2019-07-02 08:43:05.862536');
INSERT INTO django_migrations VALUES(18,'sessions','0001_initial','2019-07-02 08:43:06.087535');
INSERT INTO django_migrations VALUES(19,'simodib_v1','0002_manager','2019-07-03 15:42:57.333693');
INSERT INTO django_migrations VALUES(20,'simodib_v1','0003_portalsignup','2019-07-09 06:13:44.954121');
INSERT INTO django_migrations VALUES(21,'simodib_v1','0004_kurir_status_akun','2019-07-10 06:23:35.174272');
INSERT INTO django_migrations VALUES(22,'simodib_v1','0005_auto_20190714_2329','2019-07-14 16:29:28.073302');
INSERT INTO django_migrations VALUES(23,'simodib_v1','0006_auto_20190714_2358','2019-07-14 16:58:39.596526');
INSERT INTO django_migrations VALUES(24,'simodib_v1','0007_auto_20190719_0001','2019-07-18 17:02:52.987577');
INSERT INTO django_migrations VALUES(25,'simodib_v1','0008_auto_20190719_0002','2019-07-18 17:02:53.213264');
INSERT INTO django_migrations VALUES(26,'simodib_v1','0009_auto_20190720_1147','2019-07-20 04:47:37.109511');
INSERT INTO django_migrations VALUES(27,'simodib_v1','0010_distribution_statusoerder','2019-07-23 15:13:30.922099');
INSERT INTO django_migrations VALUES(28,'simodib_v1','0011_auto_20190723_2214','2019-07-23 15:14:33.456551');
CREATE TABLE IF NOT EXISTS "django_content_type" ("id" integer NOT NULL PRIMARY KEY AUTOINCREMENT, "app_label" varchar(100) NOT NULL, "model" varchar(100) NOT NULL);
INSERT INTO django_content_type VALUES(1,'auth','permission');
INSERT INTO django_content_type VALUES(2,'auth','group');
INSERT INTO django_content_type VALUES(3,'contenttypes','contenttype');
INSERT INTO django_content_type VALUES(4,'simodib_v1','user');
INSERT INTO django_content_type VALUES(5,'simodib_v1','detailorder');
INSERT INTO django_content_type VALUES(6,'simodib_v1','rice');
INSERT INTO django_content_type VALUES(7,'simodib_v1','kurir');
INSERT INTO django_content_type VALUES(8,'simodib_v1','distribution');
INSERT INTO django_content_type VALUES(9,'simodib_v1','takendistribution');
INSERT INTO django_content_type VALUES(10,'admin','logentry');
INSERT INTO django_content_type VALUES(11,'sessions','session');
INSERT INTO django_content_type VALUES(12,'simodib_v1','manager');
INSERT INTO django_content_type VALUES(13,'simodib_v1','portalsignup');
INSERT INTO django_content_type VALUES(14,'simodib_v1','datalogperjalanan');
CREATE TABLE IF NOT EXISTS "auth_group_permissions" ("id" integer NOT NULL PRIMARY KEY AUTOINCREMENT, "group_id" integer NOT NULL REFERENCES "auth_group" ("id") DEFERRABLE INITIALLY DEFERRED, "permission_id" integer NOT NULL REFERENCES "auth_permission" ("id") DEFERRABLE INITIALLY DEFERRED);
CREATE TABLE IF NOT EXISTS "auth_permission" ("id" integer NOT NULL PRIMARY KEY AUTOINCREMENT, "content_type_id" integer NOT NULL REFERENCES "django_content_type" ("id") DEFERRABLE INITIALLY DEFERRED, "codename" varchar(100) NOT NULL, "name" varchar(255) NOT NULL);
INSERT INTO auth_permission VALUES(1,1,'add_permission','Can add permission');
INSERT INTO auth_permission VALUES(2,1,'change_permission','Can change permission');
INSERT INTO auth_permission VALUES(3,1,'delete_permission','Can delete permission');
INSERT INTO auth_permission VALUES(4,1,'view_permission','Can view permission');
INSERT INTO auth_permission VALUES(5,2,'add_group','Can add group');
INSERT INTO auth_permission VALUES(6,2,'change_group','Can change group');
INSERT INTO auth_permission VALUES(7,2,'delete_group','Can delete group');
INSERT INTO auth_permission VALUES(8,2,'view_group','Can view group');
INSERT INTO auth_permission VALUES(9,3,'add_contenttype','Can add content type');
INSERT INTO auth_permission VALUES(10,3,'change_contenttype','Can change content type');
INSERT INTO auth_permission VALUES(11,3,'delete_contenttype','Can delete content type');
INSERT INTO auth_permission VALUES(12,3,'view_contenttype','Can view content type');
INSERT INTO auth_permission VALUES(13,4,'add_user','Can add user');
INSERT INTO auth_permission VALUES(14,4,'change_user','Can change user');
INSERT INTO auth_permission VALUES(15,4,'delete_user','Can delete user');
INSERT INTO auth_permission VALUES(16,4,'view_user','Can view user');
INSERT INTO auth_permission VALUES(17,5,'add_detailorder','Can add detail order');
INSERT INTO auth_permission VALUES(18,5,'change_detailorder','Can change detail order');
INSERT INTO auth_permission VALUES(19,5,'delete_detailorder','Can delete detail order');
INSERT INTO auth_permission VALUES(20,5,'view_detailorder','Can view detail order');
INSERT INTO auth_permission VALUES(21,6,'add_rice','Can add rice');
INSERT INTO auth_permission VALUES(22,6,'change_rice','Can change rice');
INSERT INTO auth_permission VALUES(23,6,'delete_rice','Can delete rice');
INSERT INTO auth_permission VALUES(24,6,'view_rice','Can view rice');
INSERT INTO auth_permission VALUES(25,7,'add_kurir','Can add kurir');
INSERT INTO auth_permission VALUES(26,7,'change_kurir','Can change kurir');
INSERT INTO auth_permission VALUES(27,7,'delete_kurir','Can delete kurir');
INSERT INTO auth_permission VALUES(28,7,'view_kurir','Can view kurir');
INSERT INTO auth_permission VALUES(29,8,'add_distribution','Can add distribution');
INSERT INTO auth_permission VALUES(30,8,'change_distribution','Can change distribution');
INSERT INTO auth_permission VALUES(31,8,'delete_distribution','Can delete distribution');
INSERT INTO auth_permission VALUES(32,8,'view_distribution','Can view distribution');
INSERT INTO auth_permission VALUES(33,9,'add_takendistribution','Can add taken distribution');
INSERT INTO auth_permission VALUES(34,9,'change_takendistribution','Can change taken distribution');
INSERT INTO auth_permission VALUES(35,9,'delete_takendistribution','Can delete taken distribution');
INSERT INTO auth_permission VALUES(36,9,'view_takendistribution','Can view taken distribution');
INSERT INTO auth_permission VALUES(37,10,'add_logentry','Can add log entry');
INSERT INTO auth_permission VALUES(38,10,'change_logentry','Can change log entry');
INSERT INTO auth_permission VALUES(39,10,'delete_logentry','Can delete log entry');
INSERT INTO auth_permission VALUES(40,10,'view_logentry','Can view log entry');
INSERT INTO auth_permission VALUES(41,11,'add_session','Can add session');
INSERT INTO auth_permission VALUES(42,11,'change_session','Can change session');
INSERT INTO auth_permission VALUES(43,11,'delete_session','Can delete session');
INSERT INTO auth_permission VALUES(44,11,'view_session','Can view session');
INSERT INTO auth_permission VALUES(45,12,'add_manager','Can add manager');
INSERT INTO auth_permission VALUES(46,12,'change_manager','Can change manager');
INSERT INTO auth_permission VALUES(47,12,'delete_manager','Can delete manager');
INSERT INTO auth_permission VALUES(48,12,'view_manager','Can view manager');
INSERT INTO auth_permission VALUES(49,13,'add_portalsignup','Can add portal sign up');
INSERT INTO auth_permission VALUES(50,13,'change_portalsignup','Can change portal sign up');
INSERT INTO auth_permission VALUES(51,13,'delete_portalsignup','Can delete portal sign up');
INSERT INTO auth_permission VALUES(52,13,'view_portalsignup','Can view portal sign up');
INSERT INTO auth_permission VALUES(53,14,'add_datalogperjalanan','Can add data log perjalanan');
INSERT INTO auth_permission VALUES(54,14,'change_datalogperjalanan','Can change data log perjalanan');
INSERT INTO auth_permission VALUES(55,14,'delete_datalogperjalanan','Can delete data log perjalanan');
INSERT INTO auth_permission VALUES(56,14,'view_datalogperjalanan','Can view data log perjalanan');
CREATE TABLE IF NOT EXISTS "auth_group" ("id" integer NOT NULL PRIMARY KEY AUTOINCREMENT, "name" varchar(150) NOT NULL UNIQUE);
CREATE TABLE IF NOT EXISTS "simodib_v1_user" ("id" integer NOT NULL PRIMARY KEY AUTOINCREMENT, "password" varchar(128) NOT NULL, "last_login" datetime NULL, "is_superuser" bool NOT NULL, "username" varchar(150) NOT NULL UNIQUE, "first_name" varchar(30) NOT NULL, "last_name" varchar(150) NOT NULL, "email" varchar(254) NOT NULL, "is_staff" bool NOT NULL, "is_active" bool NOT NULL, "date_joined" datetime NOT NULL, "is_kurir" bool NOT NULL, "is_manager" bool NOT NULL, "is_admin" bool NOT NULL);
INSERT INTO simodib_v1_user VALUES(1,'pbkdf2_sha256$150000$crWN0LfVz8Ti$pT7vWpaxJy+amOHDhpPM29EpFsgKUekgFWSPVAJf/kk=','2019-07-23 15:30:29.450916',1,'admin','','','windowsdewa@gmail.com',1,1,'2019-07-02 08:26:03.098368',0,0,0);
INSERT INTO simodib_v1_user VALUES(2,'pbkdf2_sha256$150000$qJXYnp5h9GOt$SQdl+wBRp/7xdaCvRNuqJbD1zoEZChsCNmZ2PGxbQ10=','2019-07-02 09:37:41.091022',0,'budi1','budi','satu','',0,1,'2019-07-02 09:37:40.123374',1,0,0);
INSERT INTO simodib_v1_user VALUES(3,'pbkdf2_sha256$150000$rKEgfLMDDq8v$AJEwxwFFH5a0oUnUHkvpiwnNxCNkGJCwaqF8KQNeV00=','2019-07-02 10:16:11.145879',0,'manager1','','','',0,1,'2019-07-02 10:16:10.268603',0,1,0);
INSERT INTO simodib_v1_user VALUES(4,'pbkdf2_sha256$150000$uXrEK1RLHpJf$54rpGbNztHeh1lEc1eGlwtVg1kbzlNXgLW7q83/4uSs=','2019-07-03 08:41:28.625758',0,'yusril1','','','',0,1,'2019-07-03 08:41:28.033245',1,0,0);
INSERT INTO simodib_v1_user VALUES(5,'pbkdf2_sha256$150000$yJERUbgyxb78$lcrRotEmfGwzfQqeZZheW/cmqC2pqL3zPjeKh4b+feg=','2019-07-03 10:39:48.314786',0,'dewok21','Dewa','Satria','',0,1,'2019-07-03 10:39:47.391489',1,0,0);
INSERT INTO simodib_v1_user VALUES(6,'pbkdf2_sha256$150000$EnpQtpfKteXU$jNpEQ5xEDnzLa/8DuGRYnbweXpftEbJpKWTqN7FE/hk=','2019-07-12 08:39:54.392407',0,'dewok212','Dewook','Lucuu','',0,1,'2019-07-03 10:41:30.996571',1,0,0);
INSERT INTO simodib_v1_user VALUES(7,'pbkdf2_sha256$150000$vCDicd4yhFdH$sIEvBPzmcnhTRZ96rFEAY0JbBXBBjY5ybaJsTQJzBR4=','2019-07-27 02:24:52.614538',0,'manager2','Dewok','Manager','',0,1,'2019-07-03 16:08:26.187485',0,1,0);
INSERT INTO simodib_v1_user VALUES(8,'pbkdf2_sha256$150000$xVecPOQnAZvl$Ij/8HMP0UzhXNF4d5UW7vgtS1OqmGP/3azuvv9Lz8IQ=','2019-07-10 04:57:28.748917',0,'budi212','Budi','Artawan','',0,1,'2019-07-10 04:52:14.281744',1,0,0);
INSERT INTO simodib_v1_user VALUES(9,'pbkdf2_sha256$150000$yX2uJTjWnkIw$D6T09fxw0SC8GdGuv1V+eUhMod/6bGxRM3K7+dzWq/U=','2019-07-10 04:58:38.824001',0,'budi313','Budi Aja','Yah','',0,1,'2019-07-10 04:58:37.942720',1,0,0);
INSERT INTO simodib_v1_user VALUES(11,'pbkdf2_sha256$150000$LZV9R7TxL3zX$WBAathTgVRP7+/LE45jFTc9TnGdNrjJwJUl5uIQOYjQ=','2019-07-10 05:08:04.640428',0,'yusril212','Yusril','aja','',0,1,'2019-07-10 05:08:03.671808',1,0,0);
INSERT INTO simodib_v1_user VALUES(12,'pbkdf2_sha256$150000$f2gwGOlbqLlb$y6FVu/aE6L42038EzyEUtmYBkRfu1uaz3CBwlXVTd34=','2019-07-10 06:28:08.280131',0,'wulan','Wulan','Lucu','',0,1,'2019-07-10 06:28:07.329691',1,0,0);
CREATE TABLE IF NOT EXISTS "simodib_v1_user_groups" ("id" integer NOT NULL PRIMARY KEY AUTOINCREMENT, "user_id" integer NOT NULL REFERENCES "simodib_v1_user" ("id") DEFERRABLE INITIALLY DEFERRED, "group_id" integer NOT NULL REFERENCES "auth_group" ("id") DEFERRABLE INITIALLY DEFERRED);
CREATE TABLE IF NOT EXISTS "simodib_v1_user_user_permissions" ("id" integer NOT NULL PRIMARY KEY AUTOINCREMENT, "user_id" integer NOT NULL REFERENCES "simodib_v1_user" ("id") DEFERRABLE INITIALLY DEFERRED, "permission_id" integer NOT NULL REFERENCES "auth_permission" ("id") DEFERRABLE INITIALLY DEFERRED);
CREATE TABLE IF NOT EXISTS "django_admin_log" ("id" integer NOT NULL PRIMARY KEY AUTOINCREMENT, "action_time" datetime NOT NULL, "object_id" text NULL, "object_repr" varchar(200) NOT NULL, "change_message" text NOT NULL, "content_type_id" integer NULL REFERENCES "django_content_type" ("id") DEFERRABLE INITIALLY DEFERRED, "user_id" integer NOT NULL REFERENCES "simodib_v1_user" ("id") DEFERRABLE INITIALLY DEFERRED, "action_flag" smallint unsigned NOT NULL CHECK ("action_flag" >= 0));
INSERT INTO django_admin_log VALUES(1,'2019-07-03 08:45:02.392705','2','Kurir object (2)','',7,1,3);
INSERT INTO django_admin_log VALUES(2,'2019-07-09 06:16:10.999054','1','PortalSignUp object (1)','[{"added": {}}]',13,1,1);
INSERT INTO django_admin_log VALUES(3,'2019-07-09 07:13:06.286783','1','PortalSignUp object (1)','[{"changed": {"fields": ["port_kurir"]}}]',13,1,2);
INSERT INTO django_admin_log VALUES(4,'2019-07-09 13:16:40.797375','1','PortalSignUp object (1)','[{"changed": {"fields": ["port_kurir"]}}]',13,1,2);
INSERT INTO django_admin_log VALUES(5,'2019-07-09 13:24:23.323495','1','PortalSignUp object (1)','[]',13,1,2);
INSERT INTO django_admin_log VALUES(6,'2019-07-09 13:30:01.361986','1','PortalSignUp object (1)','[{"changed": {"fields": ["port_kurir"]}}]',13,1,2);
INSERT INTO django_admin_log VALUES(7,'2019-07-09 13:51:37.338141','1','PortalSignUp object (1)','[{"changed": {"fields": ["port_kurir"]}}]',13,1,2);
INSERT INTO django_admin_log VALUES(8,'2019-07-09 14:01:52.964384','1','PortalSignUp object (1)','[{"changed": {"fields": ["port_kurir"]}}]',13,1,2);
INSERT INTO django_admin_log VALUES(9,'2019-07-09 14:04:33.159325','1','PortalSignUp object (1)','[{"changed": {"fields": ["port_kurir"]}}]',13,1,2);
INSERT INTO django_admin_log VALUES(10,'2019-07-09 14:12:16.761649','1','PortalSignUp object (1)','[{"changed": {"fields": ["port_kurir"]}}]',13,1,2);
INSERT INTO django_admin_log VALUES(11,'2019-07-10 03:53:03.719957','1','PortalSignUp object (1)','[{"changed": {"fields": ["port_kurir"]}}]',13,1,2);
INSERT INTO django_admin_log VALUES(12,'2019-07-10 04:10:58.353092','1','PortalSignUp object (1)','[{"changed": {"fields": ["port_kurir"]}}]',13,1,2);
INSERT INTO django_admin_log VALUES(13,'2019-07-10 04:49:30.825353','1','PortalSignUp object (1)','[{"changed": {"fields": ["port_kurir"]}}]',13,1,2);
INSERT INTO django_admin_log VALUES(14,'2019-07-11 07:47:16.335394','4','Kurir object (4)','',7,1,3);
INSERT INTO django_admin_log VALUES(15,'2019-07-11 10:22:02.351657','1','PortalSignUp object (1)','[{"changed": {"fields": ["port_kurir"]}}]',13,1,2);
INSERT INTO django_admin_log VALUES(16,'2019-07-14 16:35:10.135300','1','Distribution object (1)','[{"added": {}}]',8,1,1);
INSERT INTO django_admin_log VALUES(17,'2019-07-14 16:36:32.551404','1','DetailOrder object (1)','[{"added": {}}]',5,1,1);
INSERT INTO django_admin_log VALUES(18,'2019-07-14 16:36:58.108827','2','DetailOrder object (2)','[{"added": {}}]',5,1,1);
INSERT INTO django_admin_log VALUES(19,'2019-07-14 16:38:48.890447','1','TakenDistribution object (1)','[{"added": {}}]',9,1,1);
INSERT INTO django_admin_log VALUES(20,'2019-07-14 16:39:04.027937','1','TakenDistribution object (1)','',9,1,3);
INSERT INTO django_admin_log VALUES(21,'2019-07-14 16:39:21.575631','1','Distribution object (1)','',8,1,3);
INSERT INTO django_admin_log VALUES(22,'2019-07-20 04:29:19.383823','2','Rice object (2)','[{"changed": {"fields": ["price"]}}]',6,1,2);
INSERT INTO django_admin_log VALUES(23,'2019-07-20 04:29:36.435195','3','Rice object (3)','[{"changed": {"fields": ["price"]}}]',6,1,2);
INSERT INTO django_admin_log VALUES(24,'2019-07-20 04:55:29.400783','1','DetailOrder object (1)','',5,1,3);
CREATE TABLE IF NOT EXISTS "django_session" ("session_key" varchar(40) NOT NULL PRIMARY KEY, "session_data" text NOT NULL, "expire_date" datetime NOT NULL);
INSERT INTO django_session VALUES('yyvcunazdmjrzkfbc76ccxb37m9yszgv','ZThlMjdhZmZmYjlkNTUxMWFkNmM2YjhiNmFhNmU4ZDhkMzgzMGVmNzp7fQ==','2019-07-24 05:02:35.183726');
INSERT INTO django_session VALUES('qs759fezn31qjwvwpg1y5wfki73a9sun','YzU1OThjZDc0NzFmYjIyOGIwZWU2MDVlNmE3NWI1YzU1N2JmZWU1ZTp7Il9hdXRoX3VzZXJfaWQiOiI3IiwiX2F1dGhfdXNlcl9iYWNrZW5kIjoiZGphbmdvLmNvbnRyaWIuYXV0aC5iYWNrZW5kcy5Nb2RlbEJhY2tlbmQiLCJfYXV0aF91c2VyX2hhc2giOiJkOGQzMzY5ZTc1MGJlNTI4ZTkxNGNiYWY4ZDEwZjYxYjI2YjkxMDI5In0=','2019-08-06 15:32:18.500492');
INSERT INTO django_session VALUES('app6k8j744n86ffh7a8d0d6clwre4wux','YzU1OThjZDc0NzFmYjIyOGIwZWU2MDVlNmE3NWI1YzU1N2JmZWU1ZTp7Il9hdXRoX3VzZXJfaWQiOiI3IiwiX2F1dGhfdXNlcl9iYWNrZW5kIjoiZGphbmdvLmNvbnRyaWIuYXV0aC5iYWNrZW5kcy5Nb2RlbEJhY2tlbmQiLCJfYXV0aF91c2VyX2hhc2giOiJkOGQzMzY5ZTc1MGJlNTI4ZTkxNGNiYWY4ZDEwZjYxYjI2YjkxMDI5In0=','2019-08-10 02:24:52.805536');
CREATE TABLE IF NOT EXISTS "simodib_v1_manager" ("user_id" integer NOT NULL PRIMARY KEY REFERENCES "simodib_v1_user" ("id") DEFERRABLE INITIALLY DEFERRED, "email" varchar(500) NOT NULL, "no_hp" varchar(13) NOT NULL, "alamat" text NOT NULL, "created_date" datetime NOT NULL);
INSERT INTO simodib_v1_manager VALUES(7,'windowsdewa@gmail.com','082340803646','Banyuning','2019-07-03 16:08:26.564291');
CREATE TABLE IF NOT EXISTS "simodib_v1_portalsignup" ("id" integer NOT NULL PRIMARY KEY AUTOINCREMENT, "port_kurir" varchar(1) NOT NULL, "port_manager" varchar(1) NOT NULL, "port_admin" varchar(1) NOT NULL);
INSERT INTO simodib_v1_portalsignup VALUES(1,'1','1','1');
CREATE TABLE IF NOT EXISTS "simodib_v1_kurir" ("user_id" integer NOT NULL PRIMARY KEY REFERENCES "simodib_v1_user" ("id") DEFERRABLE INITIALLY DEFERRED, "email" varchar(500) NOT NULL, "no_hp" varchar(13) NOT NULL, "alamat" text NOT NULL, "created_date" datetime NOT NULL, "status_akun" varchar(1) NULL);
INSERT INTO simodib_v1_kurir VALUES(8,'budi.artawan@gmail.com','082340803647','Kr.Asem','2019-07-10 04:52:14.678732','1');
INSERT INTO simodib_v1_kurir VALUES(11,'yusril.aja@gmail.com','084555666777','kr.asem','2019-07-10 05:08:04.020807',NULL);
INSERT INTO simodib_v1_kurir VALUES(12,'wulan@gmail.com','082222333444','kelungkung','2019-07-10 06:28:07.709689','0');
CREATE TABLE IF NOT EXISTS "simodib_v1_takendistribution" ("id" integer NOT NULL PRIMARY KEY AUTOINCREMENT, "date" datetime NOT NULL, "location" varchar(100) NULL, "distribution_id" integer NOT NULL REFERENCES "simodib_v1_distribution" ("id") DEFERRABLE INITIALLY DEFERRED, "kurir_id" integer NOT NULL REFERENCES "simodib_v1_kurir" ("user_id") DEFERRABLE INITIALLY DEFERRED, "status_antar" varchar(300) NULL, "status" varchar(1) NULL);
CREATE TABLE IF NOT EXISTS "simodib_v1_datalogperjalanan" ("id" integer NOT NULL PRIMARY KEY AUTOINCREMENT, "date" datetime NOT NULL, "x" text NULL, "y" text NULL, "z" text NULL, "status" varchar(10) NULL, "location" text NULL, "taken_distribution_id" integer NOT NULL REFERENCES "simodib_v1_takendistribution" ("id") DEFERRABLE INITIALLY DEFERRED);
CREATE TABLE IF NOT EXISTS "simodib_v1_rice" ("id" integer NOT NULL PRIMARY KEY AUTOINCREMENT, "name" varchar(255) NOT NULL, "price" integer NOT NULL, "stock" integer NOT NULL);
INSERT INTO simodib_v1_rice VALUES(2,'Raskin',2000,30);
INSERT INTO simodib_v1_rice VALUES(3,'pulen',4000,2);
CREATE TABLE IF NOT EXISTS "simodib_v1_detailorder" ("id" integer NOT NULL PRIMARY KEY AUTOINCREMENT, "value" integer NOT NULL, "distribution_id" integer NOT NULL REFERENCES "simodib_v1_distribution" ("id") DEFERRABLE INITIALLY DEFERRED, "rice_id" integer NOT NULL REFERENCES "simodib_v1_rice" ("id") DEFERRABLE INITIALLY DEFERRED, "prices" varchar(255) NULL);
INSERT INTO simodib_v1_detailorder VALUES(2,4,5,3,'16000');
INSERT INTO simodib_v1_detailorder VALUES(3,5,5,3,'20000');
INSERT INTO simodib_v1_detailorder VALUES(4,1,5,2,'2000');
INSERT INTO simodib_v1_detailorder VALUES(5,2,5,3,'8000');
INSERT INTO simodib_v1_detailorder VALUES(6,3,5,2,'6000');
INSERT INTO simodib_v1_detailorder VALUES(7,2,6,2,'4000');
INSERT INTO simodib_v1_detailorder VALUES(8,1,6,3,'4000');
INSERT INTO simodib_v1_detailorder VALUES(9,3,6,2,'6000');
INSERT INTO simodib_v1_detailorder VALUES(10,3,6,2,'6000');
CREATE TABLE IF NOT EXISTS "simodib_v1_distribution" ("id" integer NOT NULL PRIMARY KEY AUTOINCREMENT, "name" varchar(255) NOT NULL, "ordered_by" varchar(255) NOT NULL, "address" text NOT NULL, "statusOrder" varchar(1) NULL);
INSERT INTO simodib_v1_distribution VALUES(2,'xasdfeff','Chandra Wijayanti','Busung biu',NULL);
INSERT INTO simodib_v1_distribution VALUES(5,'Pasar Loak','Mbak yul','Jl. Plawa, Gg. 13, Denpasar TImur',NULL);
INSERT INTO simodib_v1_distribution VALUES(6,'Rumah Uya','Uya Kuya','Trans 7','1');
INSERT INTO simodib_v1_distribution VALUES(7,'21068234080','Budi Artawan','Jl. Udayana, no .11, Singaraja','0');
DELETE FROM sqlite_sequence;
INSERT INTO sqlite_sequence VALUES('django_migrations',28);
INSERT INTO sqlite_sequence VALUES('django_content_type',14);
INSERT INTO sqlite_sequence VALUES('auth_permission',56);
INSERT INTO sqlite_sequence VALUES('auth_group',0);
INSERT INTO sqlite_sequence VALUES('simodib_v1_user',12);
INSERT INTO sqlite_sequence VALUES('django_admin_log',24);
INSERT INTO sqlite_sequence VALUES('simodib_v1_portalsignup',1);
INSERT INTO sqlite_sequence VALUES('simodib_v1_takendistribution',0);
INSERT INTO sqlite_sequence VALUES('simodib_v1_rice',3);
INSERT INTO sqlite_sequence VALUES('simodib_v1_detailorder',10);
INSERT INTO sqlite_sequence VALUES('simodib_v1_distribution',7);
CREATE UNIQUE INDEX "django_content_type_app_label_model_76bd3d3b_uniq" ON "django_content_type" ("app_label", "model");
CREATE UNIQUE INDEX "auth_group_permissions_group_id_permission_id_0cd325b0_uniq" ON "auth_group_permissions" ("group_id", "permission_id");
CREATE INDEX "auth_group_permissions_group_id_b120cbf9" ON "auth_group_permissions" ("group_id");
CREATE INDEX "auth_group_permissions_permission_id_84c5c92e" ON "auth_group_permissions" ("permission_id");
CREATE UNIQUE INDEX "auth_permission_content_type_id_codename_01ab375a_uniq" ON "auth_permission" ("content_type_id", "codename");
CREATE INDEX "auth_permission_content_type_id_2f476e4b" ON "auth_permission" ("content_type_id");
CREATE UNIQUE INDEX "simodib_v1_user_groups_user_id_group_id_542ac40f_uniq" ON "simodib_v1_user_groups" ("user_id", "group_id");
CREATE INDEX "simodib_v1_user_groups_user_id_f345053f" ON "simodib_v1_user_groups" ("user_id");
CREATE INDEX "simodib_v1_user_groups_group_id_cb6ae54b" ON "simodib_v1_user_groups" ("group_id");
CREATE UNIQUE INDEX "simodib_v1_user_user_permissions_user_id_permission_id_2942e710_uniq" ON "simodib_v1_user_user_permissions" ("user_id", "permission_id");
CREATE INDEX "simodib_v1_user_user_permissions_user_id_dad979e4" ON "simodib_v1_user_user_permissions" ("user_id");
CREATE INDEX "simodib_v1_user_user_permissions_permission_id_2f1e09af" ON "simodib_v1_user_user_permissions" ("permission_id");
CREATE INDEX "django_admin_log_content_type_id_c4bce8eb" ON "django_admin_log" ("content_type_id");
CREATE INDEX "django_admin_log_user_id_c564eba6" ON "django_admin_log" ("user_id");
CREATE INDEX "django_session_expire_date_a5c62663" ON "django_session" ("expire_date");
CREATE INDEX "simodib_v1_takendistribution_distribution_id_f5ac2de7" ON "simodib_v1_takendistribution" ("distribution_id");
CREATE INDEX "simodib_v1_takendistribution_kurir_id_a994fa36" ON "simodib_v1_takendistribution" ("kurir_id");
CREATE INDEX "simodib_v1_datalogperjalanan_taken_distribution_id_9f30f57f" ON "simodib_v1_datalogperjalanan" ("taken_distribution_id");
CREATE INDEX "simodib_v1_detailorder_distribution_id_28da01cf" ON "simodib_v1_detailorder" ("distribution_id");
CREATE INDEX "simodib_v1_detailorder_rice_id_b908b772" ON "simodib_v1_detailorder" ("rice_id");
COMMIT;
